"attachment_id","tender_id","filename","url"
"ATT-TEND-1000-1","TEND-1000","technical_specs.pdf","https://example.com/docs/TEND-1000/specs.pdf"
"ATT-TEND-1001-1","TEND-1001","technical_specs.pdf","https://example.com/docs/TEND-1001/specs.pdf"
"ATT-TEND-1002-1","TEND-1002","technical_specs.pdf","https://example.com/docs/TEND-1002/specs.pdf"
"ATT-TEND-1003-1","TEND-1003","technical_specs.pdf","https://example.com/docs/TEND-1003/specs.pdf"
"ATT-TEND-1004-1","TEND-1004","technical_specs.pdf","https://example.com/docs/TEND-1004/specs.pdf"
"ATT-TEND-1005-1","TEND-1005","technical_specs.pdf","https://example.com/docs/TEND-1005/specs.pdf"
"ATT-TEND-1006-1","TEND-1006","technical_specs.pdf","https://example.com/docs/TEND-1006/specs.pdf"
"ATT-TEND-1007-1","TEND-1007","technical_specs.pdf","https://example.com/docs/TEND-1007/specs.pdf"
"ATT-TEND-1008-1","TEND-1008","technical_specs.pdf","https://example.com/docs/TEND-1008/specs.pdf"
"ATT-TEND-1009-1","TEND-1009","technical_specs.pdf","https://example.com/docs/TEND-1009/specs.pdf"
"ATT-TEND-1010-1","TEND-1010","technical_specs.pdf","https://example.com/docs/TEND-1010/specs.pdf"
"ATT-TEND-1011-1","TEND-1011","technical_specs.pdf","https://example.com/docs/TEND-1011/specs.pdf"
"ATT-TEND-1012-1","TEND-1012","technical_specs.pdf","https://example.com/docs/TEND-1012/specs.pdf"
"ATT-TEND-1013-1","TEND-1013","technical_specs.pdf","https://example.com/docs/TEND-1013/specs.pdf"
"ATT-TEND-1014-1","TEND-1014","technical_specs.pdf","https://example.com/docs/TEND-1014/specs.pdf"
"ATT-TEND-1015-1","TEND-1015","technical_specs.pdf","https://example.com/docs/TEND-1015/specs.pdf"
"ATT-TEND-1016-1","TEND-1016","technical_specs.pdf","https://example.com/docs/TEND-1016/specs.pdf"
"ATT-TEND-1017-1","TEND-1017","technical_specs.pdf","https://example.com/docs/TEND-1017/specs.pdf"
"ATT-TEND-1018-1","TEND-1018","technical_specs.pdf","https://example.com/docs/TEND-1018/specs.pdf"
"ATT-TEND-1019-1","TEND-1019","technical_specs.pdf","https://example.com/docs/TEND-1019/specs.pdf"
"ATT-TEND-1020-1","TEND-1020","technical_specs.pdf","https://example.com/docs/TEND-1020/specs.pdf"
"ATT-TEND-1021-1","TEND-1021","technical_specs.pdf","https://example.com/docs/TEND-1021/specs.pdf"
"ATT-TEND-1022-1","TEND-1022","technical_specs.pdf","https://example.com/docs/TEND-1022/specs.pdf"
"ATT-TEND-1023-1","TEND-1023","technical_specs.pdf","https://example.com/docs/TEND-1023/specs.pdf"
"ATT-TEND-1024-1","TEND-1024","technical_specs.pdf","https://example.com/docs/TEND-1024/specs.pdf"
"ATT-TEND-1025-1","TEND-1025","technical_specs.pdf","https://example.com/docs/TEND-1025/specs.pdf"
"ATT-TEND-1026-1","TEND-1026","technical_specs.pdf","https://example.com/docs/TEND-1026/specs.pdf"
"ATT-TEND-1027-1","TEND-1027","technical_specs.pdf","https://example.com/docs/TEND-1027/specs.pdf"
"ATT-TEND-1028-1","TEND-1028","technical_specs.pdf","https://example.com/docs/TEND-1028/specs.pdf"
"ATT-TEND-1029-1","TEND-1029","technical_specs.pdf","https://example.com/docs/TEND-1029/specs.pdf"
"ATT-TEND-1030-1","TEND-1030","technical_specs.pdf","https://example.com/docs/TEND-1030/specs.pdf"
"ATT-TEND-1031-1","TEND-1031","technical_specs.pdf","https://example.com/docs/TEND-1031/specs.pdf"
"ATT-TEND-1032-1","TEND-1032","technical_specs.pdf","https://example.com/docs/TEND-1032/specs.pdf"
"ATT-TEND-1033-1","TEND-1033","technical_specs.pdf","https://example.com/docs/TEND-1033/specs.pdf"
"ATT-TEND-1034-1","TEND-1034","technical_specs.pdf","https://example.com/docs/TEND-1034/specs.pdf"
"ATT-TEND-1035-1","TEND-1035","technical_specs.pdf","https://example.com/docs/TEND-1035/specs.pdf"
"ATT-TEND-1036-1","TEND-1036","technical_specs.pdf","https://example.com/docs/TEND-1036/specs.pdf"
"ATT-TEND-1037-1","TEND-1037","technical_specs.pdf","https://example.com/docs/TEND-1037/specs.pdf"
"ATT-TEND-1038-1","TEND-1038","technical_specs.pdf","https://example.com/docs/TEND-1038/specs.pdf"
"ATT-TEND-1039-1","TEND-1039","technical_specs.pdf","https://example.com/docs/TEND-1039/specs.pdf"
"ATT-TEND-1040-1","TEND-1040","technical_specs.pdf","https://example.com/docs/TEND-1040/specs.pdf"
"ATT-TEND-1041-1","TEND-1041","technical_specs.pdf","https://example.com/docs/TEND-1041/specs.pdf"
"ATT-TEND-1042-1","TEND-1042","technical_specs.pdf","https://example.com/docs/TEND-1042/specs.pdf"
"ATT-TEND-1043-1","TEND-1043","technical_specs.pdf","https://example.com/docs/TEND-1043/specs.pdf"
"ATT-TEND-1044-1","TEND-1044","technical_specs.pdf","https://example.com/docs/TEND-1044/specs.pdf"
"ATT-TEND-1045-1","TEND-1045","technical_specs.pdf","https://example.com/docs/TEND-1045/specs.pdf"
"ATT-TEND-1046-1","TEND-1046","technical_specs.pdf","https://example.com/docs/TEND-1046/specs.pdf"
"ATT-TEND-1047-1","TEND-1047","technical_specs.pdf","https://example.com/docs/TEND-1047/specs.pdf"
"ATT-TEND-1048-1","TEND-1048","technical_specs.pdf","https://example.com/docs/TEND-1048/specs.pdf"
"ATT-TEND-1049-1","TEND-1049","technical_specs.pdf","https://example.com/docs/TEND-1049/specs.pdf"
"ATT-TEND-1050-1","TEND-1050","technical_specs.pdf","https://example.com/docs/TEND-1050/specs.pdf"
"ATT-TEND-1051-1","TEND-1051","technical_specs.pdf","https://example.com/docs/TEND-1051/specs.pdf"
"ATT-TEND-1052-1","TEND-1052","technical_specs.pdf","https://example.com/docs/TEND-1052/specs.pdf"
"ATT-TEND-1053-1","TEND-1053","technical_specs.pdf","https://example.com/docs/TEND-1053/specs.pdf"
"ATT-TEND-1054-1","TEND-1054","technical_specs.pdf","https://example.com/docs/TEND-1054/specs.pdf"
"ATT-TEND-1055-1","TEND-1055","technical_specs.pdf","https://example.com/docs/TEND-1055/specs.pdf"
"ATT-TEND-1056-1","TEND-1056","technical_specs.pdf","https://example.com/docs/TEND-1056/specs.pdf"
"ATT-TEND-1057-1","TEND-1057","technical_specs.pdf","https://example.com/docs/TEND-1057/specs.pdf"
"ATT-TEND-1058-1","TEND-1058","technical_specs.pdf","https://example.com/docs/TEND-1058/specs.pdf"
"ATT-TEND-1059-1","TEND-1059","technical_specs.pdf","https://example.com/docs/TEND-1059/specs.pdf"
"ATT-TEND-1060-1","TEND-1060","technical_specs.pdf","https://example.com/docs/TEND-1060/specs.pdf"
"ATT-TEND-1061-1","TEND-1061","technical_specs.pdf","https://example.com/docs/TEND-1061/specs.pdf"
"ATT-TEND-1062-1","TEND-1062","technical_specs.pdf","https://example.com/docs/TEND-1062/specs.pdf"
"ATT-TEND-1063-1","TEND-1063","technical_specs.pdf","https://example.com/docs/TEND-1063/specs.pdf"
"ATT-TEND-1064-1","TEND-1064","technical_specs.pdf","https://example.com/docs/TEND-1064/specs.pdf"
"ATT-TEND-1065-1","TEND-1065","technical_specs.pdf","https://example.com/docs/TEND-1065/specs.pdf"
"ATT-TEND-1066-1","TEND-1066","technical_specs.pdf","https://example.com/docs/TEND-1066/specs.pdf"
"ATT-TEND-1067-1","TEND-1067","technical_specs.pdf","https://example.com/docs/TEND-1067/specs.pdf"
"ATT-TEND-1068-1","TEND-1068","technical_specs.pdf","https://example.com/docs/TEND-1068/specs.pdf"
"ATT-TEND-1069-1","TEND-1069","technical_specs.pdf","https://example.com/docs/TEND-1069/specs.pdf"
"ATT-TEND-1070-1","TEND-1070","technical_specs.pdf","https://example.com/docs/TEND-1070/specs.pdf"
"ATT-TEND-1071-1","TEND-1071","technical_specs.pdf","https://example.com/docs/TEND-1071/specs.pdf"
"ATT-TEND-1072-1","TEND-1072","technical_specs.pdf","https://example.com/docs/TEND-1072/specs.pdf"
"ATT-TEND-1073-1","TEND-1073","technical_specs.pdf","https://example.com/docs/TEND-1073/specs.pdf"
"ATT-TEND-1074-1","TEND-1074","technical_specs.pdf","https://example.com/docs/TEND-1074/specs.pdf"
"ATT-TEND-1075-1","TEND-1075","technical_specs.pdf","https://example.com/docs/TEND-1075/specs.pdf"
"ATT-TEND-1076-1","TEND-1076","technical_specs.pdf","https://example.com/docs/TEND-1076/specs.pdf"
"ATT-TEND-1077-1","TEND-1077","technical_specs.pdf","https://example.com/docs/TEND-1077/specs.pdf"
"ATT-TEND-1078-1","TEND-1078","technical_specs.pdf","https://example.com/docs/TEND-1078/specs.pdf"
"ATT-TEND-1079-1","TEND-1079","technical_specs.pdf","https://example.com/docs/TEND-1079/specs.pdf"
"ATT-TEND-1080-1","TEND-1080","technical_specs.pdf","https://example.com/docs/TEND-1080/specs.pdf"
"ATT-TEND-1081-1","TEND-1081","technical_specs.pdf","https://example.com/docs/TEND-1081/specs.pdf"
"ATT-TEND-1082-1","TEND-1082","technical_specs.pdf","https://example.com/docs/TEND-1082/specs.pdf"
"ATT-TEND-1083-1","TEND-1083","technical_specs.pdf","https://example.com/docs/TEND-1083/specs.pdf"
"ATT-TEND-1084-1","TEND-1084","technical_specs.pdf","https://example.com/docs/TEND-1084/specs.pdf"
"ATT-TEND-1085-1","TEND-1085","technical_specs.pdf","https://example.com/docs/TEND-1085/specs.pdf"
"ATT-TEND-1086-1","TEND-1086","technical_specs.pdf","https://example.com/docs/TEND-1086/specs.pdf"
"ATT-TEND-1087-1","TEND-1087","technical_specs.pdf","https://example.com/docs/TEND-1087/specs.pdf"
"ATT-TEND-1088-1","TEND-1088","technical_specs.pdf","https://example.com/docs/TEND-1088/specs.pdf"
"ATT-TEND-1089-1","TEND-1089","technical_specs.pdf","https://example.com/docs/TEND-1089/specs.pdf"
"ATT-TEND-1090-1","TEND-1090","technical_specs.pdf","https://example.com/docs/TEND-1090/specs.pdf"
"ATT-TEND-1091-1","TEND-1091","technical_specs.pdf","https://example.com/docs/TEND-1091/specs.pdf"
"ATT-TEND-1092-1","TEND-1092","technical_specs.pdf","https://example.com/docs/TEND-1092/specs.pdf"
"ATT-TEND-1093-1","TEND-1093","technical_specs.pdf","https://example.com/docs/TEND-1093/specs.pdf"
"ATT-TEND-1094-1","TEND-1094","technical_specs.pdf","https://example.com/docs/TEND-1094/specs.pdf"
"ATT-TEND-1095-1","TEND-1095","technical_specs.pdf","https://example.com/docs/TEND-1095/specs.pdf"
"ATT-TEND-1096-1","TEND-1096","technical_specs.pdf","https://example.com/docs/TEND-1096/specs.pdf"
"ATT-TEND-1097-1","TEND-1097","technical_specs.pdf","https://example.com/docs/TEND-1097/specs.pdf"
"ATT-TEND-1098-1","TEND-1098","technical_specs.pdf","https://example.com/docs/TEND-1098/specs.pdf"
"ATT-TEND-1099-1","TEND-1099","technical_specs.pdf","https://example.com/docs/TEND-1099/specs.pdf"
"ATT-TEND-1100-1","TEND-1100","technical_specs.pdf","https://example.com/docs/TEND-1100/specs.pdf"
"ATT-TEND-1101-1","TEND-1101","technical_specs.pdf","https://example.com/docs/TEND-1101/specs.pdf"
"ATT-TEND-1102-1","TEND-1102","technical_specs.pdf","https://example.com/docs/TEND-1102/specs.pdf"
"ATT-TEND-1103-1","TEND-1103","technical_specs.pdf","https://example.com/docs/TEND-1103/specs.pdf"
"ATT-TEND-1104-1","TEND-1104","technical_specs.pdf","https://example.com/docs/TEND-1104/specs.pdf"
"ATT-TEND-1105-1","TEND-1105","technical_specs.pdf","https://example.com/docs/TEND-1105/specs.pdf"
"ATT-TEND-1106-1","TEND-1106","technical_specs.pdf","https://example.com/docs/TEND-1106/specs.pdf"
"ATT-TEND-1107-1","TEND-1107","technical_specs.pdf","https://example.com/docs/TEND-1107/specs.pdf"
"ATT-TEND-1108-1","TEND-1108","technical_specs.pdf","https://example.com/docs/TEND-1108/specs.pdf"
"ATT-TEND-1109-1","TEND-1109","technical_specs.pdf","https://example.com/docs/TEND-1109/specs.pdf"
"ATT-TEND-1110-1","TEND-1110","technical_specs.pdf","https://example.com/docs/TEND-1110/specs.pdf"
"ATT-TEND-1111-1","TEND-1111","technical_specs.pdf","https://example.com/docs/TEND-1111/specs.pdf"
"ATT-TEND-1112-1","TEND-1112","technical_specs.pdf","https://example.com/docs/TEND-1112/specs.pdf"
"ATT-TEND-1113-1","TEND-1113","technical_specs.pdf","https://example.com/docs/TEND-1113/specs.pdf"
"ATT-TEND-1114-1","TEND-1114","technical_specs.pdf","https://example.com/docs/TEND-1114/specs.pdf"
"ATT-TEND-1115-1","TEND-1115","technical_specs.pdf","https://example.com/docs/TEND-1115/specs.pdf"
"ATT-TEND-1116-1","TEND-1116","technical_specs.pdf","https://example.com/docs/TEND-1116/specs.pdf"
"ATT-TEND-1117-1","TEND-1117","technical_specs.pdf","https://example.com/docs/TEND-1117/specs.pdf"
"ATT-TEND-1118-1","TEND-1118","technical_specs.pdf","https://example.com/docs/TEND-1118/specs.pdf"
"ATT-TEND-1119-1","TEND-1119","technical_specs.pdf","https://example.com/docs/TEND-1119/specs.pdf"
"ATT-TEND-1120-1","TEND-1120","technical_specs.pdf","https://example.com/docs/TEND-1120/specs.pdf"
"ATT-TEND-1121-1","TEND-1121","technical_specs.pdf","https://example.com/docs/TEND-1121/specs.pdf"
"ATT-TEND-1122-1","TEND-1122","technical_specs.pdf","https://example.com/docs/TEND-1122/specs.pdf"
"ATT-TEND-1123-1","TEND-1123","technical_specs.pdf","https://example.com/docs/TEND-1123/specs.pdf"
"ATT-TEND-1124-1","TEND-1124","technical_specs.pdf","https://example.com/docs/TEND-1124/specs.pdf"
"ATT-TEND-1125-1","TEND-1125","technical_specs.pdf","https://example.com/docs/TEND-1125/specs.pdf"
"ATT-TEND-1126-1","TEND-1126","technical_specs.pdf","https://example.com/docs/TEND-1126/specs.pdf"
"ATT-TEND-1127-1","TEND-1127","technical_specs.pdf","https://example.com/docs/TEND-1127/specs.pdf"
"ATT-TEND-1128-1","TEND-1128","technical_specs.pdf","https://example.com/docs/TEND-1128/specs.pdf"
"ATT-TEND-1129-1","TEND-1129","technical_specs.pdf","https://example.com/docs/TEND-1129/specs.pdf"
"ATT-TEND-1130-1","TEND-1130","technical_specs.pdf","https://example.com/docs/TEND-1130/specs.pdf"
"ATT-TEND-1131-1","TEND-1131","technical_specs.pdf","https://example.com/docs/TEND-1131/specs.pdf"
"ATT-TEND-1132-1","TEND-1132","technical_specs.pdf","https://example.com/docs/TEND-1132/specs.pdf"
"ATT-TEND-1133-1","TEND-1133","technical_specs.pdf","https://example.com/docs/TEND-1133/specs.pdf"
"ATT-TEND-1134-1","TEND-1134","technical_specs.pdf","https://example.com/docs/TEND-1134/specs.pdf"
"ATT-TEND-1135-1","TEND-1135","technical_specs.pdf","https://example.com/docs/TEND-1135/specs.pdf"
"ATT-TEND-1136-1","TEND-1136","technical_specs.pdf","https://example.com/docs/TEND-1136/specs.pdf"
"ATT-TEND-1137-1","TEND-1137","technical_specs.pdf","https://example.com/docs/TEND-1137/specs.pdf"
"ATT-TEND-1138-1","TEND-1138","technical_specs.pdf","https://example.com/docs/TEND-1138/specs.pdf"
"ATT-TEND-1139-1","TEND-1139","technical_specs.pdf","https://example.com/docs/TEND-1139/specs.pdf"
"ATT-TEND-1140-1","TEND-1140","technical_specs.pdf","https://example.com/docs/TEND-1140/specs.pdf"
"ATT-TEND-1141-1","TEND-1141","technical_specs.pdf","https://example.com/docs/TEND-1141/specs.pdf"
"ATT-TEND-1142-1","TEND-1142","technical_specs.pdf","https://example.com/docs/TEND-1142/specs.pdf"
"ATT-TEND-1143-1","TEND-1143","technical_specs.pdf","https://example.com/docs/TEND-1143/specs.pdf"
"ATT-TEND-1144-1","TEND-1144","technical_specs.pdf","https://example.com/docs/TEND-1144/specs.pdf"
"ATT-TEND-1145-1","TEND-1145","technical_specs.pdf","https://example.com/docs/TEND-1145/specs.pdf"
"ATT-TEND-1146-1","TEND-1146","technical_specs.pdf","https://example.com/docs/TEND-1146/specs.pdf"
"ATT-TEND-1147-1","TEND-1147","technical_specs.pdf","https://example.com/docs/TEND-1147/specs.pdf"
"ATT-TEND-1148-1","TEND-1148","technical_specs.pdf","https://example.com/docs/TEND-1148/specs.pdf"
"ATT-TEND-1149-1","TEND-1149","technical_specs.pdf","https://example.com/docs/TEND-1149/specs.pdf"
"ATT-TEND-1150-1","TEND-1150","technical_specs.pdf","https://example.com/docs/TEND-1150/specs.pdf"
"ATT-TEND-1151-1","TEND-1151","technical_specs.pdf","https://example.com/docs/TEND-1151/specs.pdf"
"ATT-TEND-1152-1","TEND-1152","technical_specs.pdf","https://example.com/docs/TEND-1152/specs.pdf"
"ATT-TEND-1153-1","TEND-1153","technical_specs.pdf","https://example.com/docs/TEND-1153/specs.pdf"
"ATT-TEND-1154-1","TEND-1154","technical_specs.pdf","https://example.com/docs/TEND-1154/specs.pdf"
"ATT-TEND-1155-1","TEND-1155","technical_specs.pdf","https://example.com/docs/TEND-1155/specs.pdf"
"ATT-TEND-1156-1","TEND-1156","technical_specs.pdf","https://example.com/docs/TEND-1156/specs.pdf"
"ATT-TEND-1157-1","TEND-1157","technical_specs.pdf","https://example.com/docs/TEND-1157/specs.pdf"
"ATT-TEND-1158-1","TEND-1158","technical_specs.pdf","https://example.com/docs/TEND-1158/specs.pdf"
"ATT-TEND-1159-1","TEND-1159","technical_specs.pdf","https://example.com/docs/TEND-1159/specs.pdf"
"ATT-TEND-1160-1","TEND-1160","technical_specs.pdf","https://example.com/docs/TEND-1160/specs.pdf"
"ATT-TEND-1161-1","TEND-1161","technical_specs.pdf","https://example.com/docs/TEND-1161/specs.pdf"
"ATT-TEND-1162-1","TEND-1162","technical_specs.pdf","https://example.com/docs/TEND-1162/specs.pdf"
"ATT-TEND-1163-1","TEND-1163","technical_specs.pdf","https://example.com/docs/TEND-1163/specs.pdf"
"ATT-TEND-1164-1","TEND-1164","technical_specs.pdf","https://example.com/docs/TEND-1164/specs.pdf"
"ATT-TEND-1165-1","TEND-1165","technical_specs.pdf","https://example.com/docs/TEND-1165/specs.pdf"
"ATT-TEND-1166-1","TEND-1166","technical_specs.pdf","https://example.com/docs/TEND-1166/specs.pdf"
"ATT-TEND-1167-1","TEND-1167","technical_specs.pdf","https://example.com/docs/TEND-1167/specs.pdf"
"ATT-TEND-1168-1","TEND-1168","technical_specs.pdf","https://example.com/docs/TEND-1168/specs.pdf"
"ATT-TEND-1169-1","TEND-1169","technical_specs.pdf","https://example.com/docs/TEND-1169/specs.pdf"
"ATT-TEND-1170-1","TEND-1170","technical_specs.pdf","https://example.com/docs/TEND-1170/specs.pdf"
"ATT-TEND-1171-1","TEND-1171","technical_specs.pdf","https://example.com/docs/TEND-1171/specs.pdf"
"ATT-TEND-1172-1","TEND-1172","technical_specs.pdf","https://example.com/docs/TEND-1172/specs.pdf"
"ATT-TEND-1173-1","TEND-1173","technical_specs.pdf","https://example.com/docs/TEND-1173/specs.pdf"
"ATT-TEND-1174-1","TEND-1174","technical_specs.pdf","https://example.com/docs/TEND-1174/specs.pdf"
"ATT-TEND-1175-1","TEND-1175","technical_specs.pdf","https://example.com/docs/TEND-1175/specs.pdf"
"ATT-TEND-1176-1","TEND-1176","technical_specs.pdf","https://example.com/docs/TEND-1176/specs.pdf"
"ATT-TEND-1177-1","TEND-1177","technical_specs.pdf","https://example.com/docs/TEND-1177/specs.pdf"
"ATT-TEND-1178-1","TEND-1178","technical_specs.pdf","https://example.com/docs/TEND-1178/specs.pdf"
"ATT-TEND-1179-1","TEND-1179","technical_specs.pdf","https://example.com/docs/TEND-1179/specs.pdf"
"ATT-TEND-1180-1","TEND-1180","technical_specs.pdf","https://example.com/docs/TEND-1180/specs.pdf"
"ATT-TEND-1181-1","TEND-1181","technical_specs.pdf","https://example.com/docs/TEND-1181/specs.pdf"
"ATT-TEND-1182-1","TEND-1182","technical_specs.pdf","https://example.com/docs/TEND-1182/specs.pdf"
"ATT-TEND-1183-1","TEND-1183","technical_specs.pdf","https://example.com/docs/TEND-1183/specs.pdf"
"ATT-TEND-1184-1","TEND-1184","technical_specs.pdf","https://example.com/docs/TEND-1184/specs.pdf"
"ATT-TEND-1185-1","TEND-1185","technical_specs.pdf","https://example.com/docs/TEND-1185/specs.pdf"
"ATT-TEND-1186-1","TEND-1186","technical_specs.pdf","https://example.com/docs/TEND-1186/specs.pdf"
"ATT-TEND-1187-1","TEND-1187","technical_specs.pdf","https://example.com/docs/TEND-1187/specs.pdf"
"ATT-TEND-1188-1","TEND-1188","technical_specs.pdf","https://example.com/docs/TEND-1188/specs.pdf"
"ATT-TEND-1189-1","TEND-1189","technical_specs.pdf","https://example.com/docs/TEND-1189/specs.pdf"
"ATT-TEND-1190-1","TEND-1190","technical_specs.pdf","https://example.com/docs/TEND-1190/specs.pdf"
"ATT-TEND-1191-1","TEND-1191","technical_specs.pdf","https://example.com/docs/TEND-1191/specs.pdf"
"ATT-TEND-1192-1","TEND-1192","technical_specs.pdf","https://example.com/docs/TEND-1192/specs.pdf"
"ATT-TEND-1193-1","TEND-1193","technical_specs.pdf","https://example.com/docs/TEND-1193/specs.pdf"
"ATT-TEND-1194-1","TEND-1194","technical_specs.pdf","https://example.com/docs/TEND-1194/specs.pdf"
"ATT-TEND-1195-1","TEND-1195","technical_specs.pdf","https://example.com/docs/TEND-1195/specs.pdf"
"ATT-TEND-1196-1","TEND-1196","technical_specs.pdf","https://example.com/docs/TEND-1196/specs.pdf"
"ATT-TEND-1197-1","TEND-1197","technical_specs.pdf","https://example.com/docs/TEND-1197/specs.pdf"
"ATT-TEND-1198-1","TEND-1198","technical_specs.pdf","https://example.com/docs/TEND-1198/specs.pdf"
"ATT-TEND-1199-1","TEND-1199","technical_specs.pdf","https://example.com/docs/TEND-1199/specs.pdf"
"ATT-TEND-1200-1","TEND-1200","technical_specs.pdf","https://example.com/docs/TEND-1200/specs.pdf"
"ATT-TEND-1201-1","TEND-1201","technical_specs.pdf","https://example.com/docs/TEND-1201/specs.pdf"
"ATT-TEND-1202-1","TEND-1202","technical_specs.pdf","https://example.com/docs/TEND-1202/specs.pdf"
"ATT-TEND-1203-1","TEND-1203","technical_specs.pdf","https://example.com/docs/TEND-1203/specs.pdf"
"ATT-TEND-1204-1","TEND-1204","technical_specs.pdf","https://example.com/docs/TEND-1204/specs.pdf"
"ATT-TEND-1205-1","TEND-1205","technical_specs.pdf","https://example.com/docs/TEND-1205/specs.pdf"
"ATT-TEND-1206-1","TEND-1206","technical_specs.pdf","https://example.com/docs/TEND-1206/specs.pdf"
"ATT-TEND-1207-1","TEND-1207","technical_specs.pdf","https://example.com/docs/TEND-1207/specs.pdf"
"ATT-TEND-1208-1","TEND-1208","technical_specs.pdf","https://example.com/docs/TEND-1208/specs.pdf"
"ATT-TEND-1209-1","TEND-1209","technical_specs.pdf","https://example.com/docs/TEND-1209/specs.pdf"
"ATT-TEND-1210-1","TEND-1210","technical_specs.pdf","https://example.com/docs/TEND-1210/specs.pdf"
"ATT-TEND-1211-1","TEND-1211","technical_specs.pdf","https://example.com/docs/TEND-1211/specs.pdf"
"ATT-TEND-1212-1","TEND-1212","technical_specs.pdf","https://example.com/docs/TEND-1212/specs.pdf"
"ATT-TEND-1213-1","TEND-1213","technical_specs.pdf","https://example.com/docs/TEND-1213/specs.pdf"
"ATT-TEND-1214-1","TEND-1214","technical_specs.pdf","https://example.com/docs/TEND-1214/specs.pdf"
"ATT-TEND-1215-1","TEND-1215","technical_specs.pdf","https://example.com/docs/TEND-1215/specs.pdf"
"ATT-TEND-1216-1","TEND-1216","technical_specs.pdf","https://example.com/docs/TEND-1216/specs.pdf"
"ATT-TEND-1217-1","TEND-1217","technical_specs.pdf","https://example.com/docs/TEND-1217/specs.pdf"
"ATT-TEND-1218-1","TEND-1218","technical_specs.pdf","https://example.com/docs/TEND-1218/specs.pdf"
"ATT-TEND-1219-1","TEND-1219","technical_specs.pdf","https://example.com/docs/TEND-1219/specs.pdf"
"ATT-TEND-1220-1","TEND-1220","technical_specs.pdf","https://example.com/docs/TEND-1220/specs.pdf"
"ATT-TEND-1221-1","TEND-1221","technical_specs.pdf","https://example.com/docs/TEND-1221/specs.pdf"
"ATT-TEND-1222-1","TEND-1222","technical_specs.pdf","https://example.com/docs/TEND-1222/specs.pdf"
"ATT-TEND-1223-1","TEND-1223","technical_specs.pdf","https://example.com/docs/TEND-1223/specs.pdf"
"ATT-TEND-1224-1","TEND-1224","technical_specs.pdf","https://example.com/docs/TEND-1224/specs.pdf"
"ATT-TEND-1225-1","TEND-1225","technical_specs.pdf","https://example.com/docs/TEND-1225/specs.pdf"
"ATT-TEND-1226-1","TEND-1226","technical_specs.pdf","https://example.com/docs/TEND-1226/specs.pdf"
"ATT-TEND-1227-1","TEND-1227","technical_specs.pdf","https://example.com/docs/TEND-1227/specs.pdf"
"ATT-TEND-1228-1","TEND-1228","technical_specs.pdf","https://example.com/docs/TEND-1228/specs.pdf"
"ATT-TEND-1229-1","TEND-1229","technical_specs.pdf","https://example.com/docs/TEND-1229/specs.pdf"
"ATT-TEND-1230-1","TEND-1230","technical_specs.pdf","https://example.com/docs/TEND-1230/specs.pdf"
"ATT-TEND-1231-1","TEND-1231","technical_specs.pdf","https://example.com/docs/TEND-1231/specs.pdf"
"ATT-TEND-1232-1","TEND-1232","technical_specs.pdf","https://example.com/docs/TEND-1232/specs.pdf"
"ATT-TEND-1233-1","TEND-1233","technical_specs.pdf","https://example.com/docs/TEND-1233/specs.pdf"
"ATT-TEND-1234-1","TEND-1234","technical_specs.pdf","https://example.com/docs/TEND-1234/specs.pdf"
"ATT-TEND-1235-1","TEND-1235","technical_specs.pdf","https://example.com/docs/TEND-1235/specs.pdf"
"ATT-TEND-1236-1","TEND-1236","technical_specs.pdf","https://example.com/docs/TEND-1236/specs.pdf"
"ATT-TEND-1237-1","TEND-1237","technical_specs.pdf","https://example.com/docs/TEND-1237/specs.pdf"
"ATT-TEND-1238-1","TEND-1238","technical_specs.pdf","https://example.com/docs/TEND-1238/specs.pdf"
"ATT-TEND-1239-1","TEND-1239","technical_specs.pdf","https://example.com/docs/TEND-1239/specs.pdf"
"ATT-TEND-1240-1","TEND-1240","technical_specs.pdf","https://example.com/docs/TEND-1240/specs.pdf"
"ATT-TEND-1241-1","TEND-1241","technical_specs.pdf","https://example.com/docs/TEND-1241/specs.pdf"
"ATT-TEND-1242-1","TEND-1242","technical_specs.pdf","https://example.com/docs/TEND-1242/specs.pdf"
"ATT-TEND-1243-1","TEND-1243","technical_specs.pdf","https://example.com/docs/TEND-1243/specs.pdf"
"ATT-TEND-1244-1","TEND-1244","technical_specs.pdf","https://example.com/docs/TEND-1244/specs.pdf"
"ATT-TEND-1245-1","TEND-1245","technical_specs.pdf","https://example.com/docs/TEND-1245/specs.pdf"
"ATT-TEND-1246-1","TEND-1246","technical_specs.pdf","https://example.com/docs/TEND-1246/specs.pdf"
"ATT-TEND-1247-1","TEND-1247","technical_specs.pdf","https://example.com/docs/TEND-1247/specs.pdf"
"ATT-TEND-1248-1","TEND-1248","technical_specs.pdf","https://example.com/docs/TEND-1248/specs.pdf"
"ATT-TEND-1249-1","TEND-1249","technical_specs.pdf","https://example.com/docs/TEND-1249/specs.pdf"
"ATT-TEND-1250-1","TEND-1250","technical_specs.pdf","https://example.com/docs/TEND-1250/specs.pdf"
"ATT-TEND-1251-1","TEND-1251","technical_specs.pdf","https://example.com/docs/TEND-1251/specs.pdf"
"ATT-TEND-1252-1","TEND-1252","technical_specs.pdf","https://example.com/docs/TEND-1252/specs.pdf"
"ATT-TEND-1253-1","TEND-1253","technical_specs.pdf","https://example.com/docs/TEND-1253/specs.pdf"
"ATT-TEND-1254-1","TEND-1254","technical_specs.pdf","https://example.com/docs/TEND-1254/specs.pdf"
"ATT-TEND-1255-1","TEND-1255","technical_specs.pdf","https://example.com/docs/TEND-1255/specs.pdf"
"ATT-TEND-1256-1","TEND-1256","technical_specs.pdf","https://example.com/docs/TEND-1256/specs.pdf"
"ATT-TEND-1257-1","TEND-1257","technical_specs.pdf","https://example.com/docs/TEND-1257/specs.pdf"
"ATT-TEND-1258-1","TEND-1258","technical_specs.pdf","https://example.com/docs/TEND-1258/specs.pdf"
"ATT-TEND-1259-1","TEND-1259","technical_specs.pdf","https://example.com/docs/TEND-1259/specs.pdf"
"ATT-TEND-1260-1","TEND-1260","technical_specs.pdf","https://example.com/docs/TEND-1260/specs.pdf"
"ATT-TEND-1261-1","TEND-1261","technical_specs.pdf","https://example.com/docs/TEND-1261/specs.pdf"
"ATT-TEND-1262-1","TEND-1262","technical_specs.pdf","https://example.com/docs/TEND-1262/specs.pdf"
"ATT-TEND-1263-1","TEND-1263","technical_specs.pdf","https://example.com/docs/TEND-1263/specs.pdf"
"ATT-TEND-1264-1","TEND-1264","technical_specs.pdf","https://example.com/docs/TEND-1264/specs.pdf"
"ATT-TEND-1265-1","TEND-1265","technical_specs.pdf","https://example.com/docs/TEND-1265/specs.pdf"
"ATT-TEND-1266-1","TEND-1266","technical_specs.pdf","https://example.com/docs/TEND-1266/specs.pdf"
"ATT-TEND-1267-1","TEND-1267","technical_specs.pdf","https://example.com/docs/TEND-1267/specs.pdf"
"ATT-TEND-1268-1","TEND-1268","technical_specs.pdf","https://example.com/docs/TEND-1268/specs.pdf"
"ATT-TEND-1269-1","TEND-1269","technical_specs.pdf","https://example.com/docs/TEND-1269/specs.pdf"
"ATT-TEND-1270-1","TEND-1270","technical_specs.pdf","https://example.com/docs/TEND-1270/specs.pdf"
"ATT-TEND-1271-1","TEND-1271","technical_specs.pdf","https://example.com/docs/TEND-1271/specs.pdf"
"ATT-TEND-1272-1","TEND-1272","technical_specs.pdf","https://example.com/docs/TEND-1272/specs.pdf"
"ATT-TEND-1273-1","TEND-1273","technical_specs.pdf","https://example.com/docs/TEND-1273/specs.pdf"
"ATT-TEND-1274-1","TEND-1274","technical_specs.pdf","https://example.com/docs/TEND-1274/specs.pdf"
"ATT-TEND-1275-1","TEND-1275","technical_specs.pdf","https://example.com/docs/TEND-1275/specs.pdf"
"ATT-TEND-1276-1","TEND-1276","technical_specs.pdf","https://example.com/docs/TEND-1276/specs.pdf"
"ATT-TEND-1277-1","TEND-1277","technical_specs.pdf","https://example.com/docs/TEND-1277/specs.pdf"
"ATT-TEND-1278-1","TEND-1278","technical_specs.pdf","https://example.com/docs/TEND-1278/specs.pdf"
"ATT-TEND-1279-1","TEND-1279","technical_specs.pdf","https://example.com/docs/TEND-1279/specs.pdf"
"ATT-TEND-1280-1","TEND-1280","technical_specs.pdf","https://example.com/docs/TEND-1280/specs.pdf"
"ATT-TEND-1281-1","TEND-1281","technical_specs.pdf","https://example.com/docs/TEND-1281/specs.pdf"
"ATT-TEND-1282-1","TEND-1282","technical_specs.pdf","https://example.com/docs/TEND-1282/specs.pdf"
"ATT-TEND-1283-1","TEND-1283","technical_specs.pdf","https://example.com/docs/TEND-1283/specs.pdf"
"ATT-TEND-1284-1","TEND-1284","technical_specs.pdf","https://example.com/docs/TEND-1284/specs.pdf"
"ATT-TEND-1285-1","TEND-1285","technical_specs.pdf","https://example.com/docs/TEND-1285/specs.pdf"
"ATT-TEND-1286-1","TEND-1286","technical_specs.pdf","https://example.com/docs/TEND-1286/specs.pdf"
"ATT-TEND-1287-1","TEND-1287","technical_specs.pdf","https://example.com/docs/TEND-1287/specs.pdf"
"ATT-TEND-1288-1","TEND-1288","technical_specs.pdf","https://example.com/docs/TEND-1288/specs.pdf"
"ATT-TEND-1289-1","TEND-1289","technical_specs.pdf","https://example.com/docs/TEND-1289/specs.pdf"
"ATT-TEND-1290-1","TEND-1290","technical_specs.pdf","https://example.com/docs/TEND-1290/specs.pdf"
"ATT-TEND-1291-1","TEND-1291","technical_specs.pdf","https://example.com/docs/TEND-1291/specs.pdf"
"ATT-TEND-1292-1","TEND-1292","technical_specs.pdf","https://example.com/docs/TEND-1292/specs.pdf"
"ATT-TEND-1293-1","TEND-1293","technical_specs.pdf","https://example.com/docs/TEND-1293/specs.pdf"
"ATT-TEND-1294-1","TEND-1294","technical_specs.pdf","https://example.com/docs/TEND-1294/specs.pdf"
"ATT-TEND-1295-1","TEND-1295","technical_specs.pdf","https://example.com/docs/TEND-1295/specs.pdf"
"ATT-TEND-1296-1","TEND-1296","technical_specs.pdf","https://example.com/docs/TEND-1296/specs.pdf"
"ATT-TEND-1297-1","TEND-1297","technical_specs.pdf","https://example.com/docs/TEND-1297/specs.pdf"
"ATT-TEND-1298-1","TEND-1298","technical_specs.pdf","https://example.com/docs/TEND-1298/specs.pdf"
"ATT-TEND-1299-1","TEND-1299","technical_specs.pdf","https://example.com/docs/TEND-1299/specs.pdf"
"ATT-TEND-1300-1","TEND-1300","technical_specs.pdf","https://example.com/docs/TEND-1300/specs.pdf"
"ATT-TEND-1301-1","TEND-1301","technical_specs.pdf","https://example.com/docs/TEND-1301/specs.pdf"
"ATT-TEND-1302-1","TEND-1302","technical_specs.pdf","https://example.com/docs/TEND-1302/specs.pdf"
"ATT-TEND-1303-1","TEND-1303","technical_specs.pdf","https://example.com/docs/TEND-1303/specs.pdf"
"ATT-TEND-1304-1","TEND-1304","technical_specs.pdf","https://example.com/docs/TEND-1304/specs.pdf"
"ATT-TEND-1305-1","TEND-1305","technical_specs.pdf","https://example.com/docs/TEND-1305/specs.pdf"
"ATT-TEND-1306-1","TEND-1306","technical_specs.pdf","https://example.com/docs/TEND-1306/specs.pdf"
"ATT-TEND-1307-1","TEND-1307","technical_specs.pdf","https://example.com/docs/TEND-1307/specs.pdf"
"ATT-TEND-1308-1","TEND-1308","technical_specs.pdf","https://example.com/docs/TEND-1308/specs.pdf"
"ATT-TEND-1309-1","TEND-1309","technical_specs.pdf","https://example.com/docs/TEND-1309/specs.pdf"
"ATT-TEND-1310-1","TEND-1310","technical_specs.pdf","https://example.com/docs/TEND-1310/specs.pdf"
"ATT-TEND-1311-1","TEND-1311","technical_specs.pdf","https://example.com/docs/TEND-1311/specs.pdf"
"ATT-TEND-1312-1","TEND-1312","technical_specs.pdf","https://example.com/docs/TEND-1312/specs.pdf"
"ATT-TEND-1313-1","TEND-1313","technical_specs.pdf","https://example.com/docs/TEND-1313/specs.pdf"
"ATT-TEND-1314-1","TEND-1314","technical_specs.pdf","https://example.com/docs/TEND-1314/specs.pdf"
"ATT-TEND-1315-1","TEND-1315","technical_specs.pdf","https://example.com/docs/TEND-1315/specs.pdf"
"ATT-TEND-1316-1","TEND-1316","technical_specs.pdf","https://example.com/docs/TEND-1316/specs.pdf"
"ATT-TEND-1317-1","TEND-1317","technical_specs.pdf","https://example.com/docs/TEND-1317/specs.pdf"
"ATT-TEND-1318-1","TEND-1318","technical_specs.pdf","https://example.com/docs/TEND-1318/specs.pdf"
"ATT-TEND-1319-1","TEND-1319","technical_specs.pdf","https://example.com/docs/TEND-1319/specs.pdf"
"ATT-TEND-1320-1","TEND-1320","technical_specs.pdf","https://example.com/docs/TEND-1320/specs.pdf"
"ATT-TEND-1321-1","TEND-1321","technical_specs.pdf","https://example.com/docs/TEND-1321/specs.pdf"
"ATT-TEND-1322-1","TEND-1322","technical_specs.pdf","https://example.com/docs/TEND-1322/specs.pdf"
"ATT-TEND-1323-1","TEND-1323","technical_specs.pdf","https://example.com/docs/TEND-1323/specs.pdf"
"ATT-TEND-1324-1","TEND-1324","technical_specs.pdf","https://example.com/docs/TEND-1324/specs.pdf"
"ATT-TEND-1325-1","TEND-1325","technical_specs.pdf","https://example.com/docs/TEND-1325/specs.pdf"
"ATT-TEND-1326-1","TEND-1326","technical_specs.pdf","https://example.com/docs/TEND-1326/specs.pdf"
"ATT-TEND-1327-1","TEND-1327","technical_specs.pdf","https://example.com/docs/TEND-1327/specs.pdf"
"ATT-TEND-1328-1","TEND-1328","technical_specs.pdf","https://example.com/docs/TEND-1328/specs.pdf"
"ATT-TEND-1329-1","TEND-1329","technical_specs.pdf","https://example.com/docs/TEND-1329/specs.pdf"
"ATT-TEND-1330-1","TEND-1330","technical_specs.pdf","https://example.com/docs/TEND-1330/specs.pdf"
"ATT-TEND-1331-1","TEND-1331","technical_specs.pdf","https://example.com/docs/TEND-1331/specs.pdf"
"ATT-TEND-1332-1","TEND-1332","technical_specs.pdf","https://example.com/docs/TEND-1332/specs.pdf"
"ATT-TEND-1333-1","TEND-1333","technical_specs.pdf","https://example.com/docs/TEND-1333/specs.pdf"
"ATT-TEND-1334-1","TEND-1334","technical_specs.pdf","https://example.com/docs/TEND-1334/specs.pdf"
"ATT-TEND-1335-1","TEND-1335","technical_specs.pdf","https://example.com/docs/TEND-1335/specs.pdf"
"ATT-TEND-1336-1","TEND-1336","technical_specs.pdf","https://example.com/docs/TEND-1336/specs.pdf"
"ATT-TEND-1337-1","TEND-1337","technical_specs.pdf","https://example.com/docs/TEND-1337/specs.pdf"
"ATT-TEND-1338-1","TEND-1338","technical_specs.pdf","https://example.com/docs/TEND-1338/specs.pdf"
"ATT-TEND-1339-1","TEND-1339","technical_specs.pdf","https://example.com/docs/TEND-1339/specs.pdf"
"ATT-TEND-1340-1","TEND-1340","technical_specs.pdf","https://example.com/docs/TEND-1340/specs.pdf"
"ATT-TEND-1341-1","TEND-1341","technical_specs.pdf","https://example.com/docs/TEND-1341/specs.pdf"
"ATT-TEND-1342-1","TEND-1342","technical_specs.pdf","https://example.com/docs/TEND-1342/specs.pdf"
"ATT-TEND-1343-1","TEND-1343","technical_specs.pdf","https://example.com/docs/TEND-1343/specs.pdf"
"ATT-TEND-1344-1","TEND-1344","technical_specs.pdf","https://example.com/docs/TEND-1344/specs.pdf"
"ATT-TEND-1345-1","TEND-1345","technical_specs.pdf","https://example.com/docs/TEND-1345/specs.pdf"
"ATT-TEND-1346-1","TEND-1346","technical_specs.pdf","https://example.com/docs/TEND-1346/specs.pdf"
"ATT-TEND-1347-1","TEND-1347","technical_specs.pdf","https://example.com/docs/TEND-1347/specs.pdf"
"ATT-TEND-1348-1","TEND-1348","technical_specs.pdf","https://example.com/docs/TEND-1348/specs.pdf"
"ATT-TEND-1349-1","TEND-1349","technical_specs.pdf","https://example.com/docs/TEND-1349/specs.pdf"
"ATT-TEND-1350-1","TEND-1350","technical_specs.pdf","https://example.com/docs/TEND-1350/specs.pdf"
"ATT-TEND-1351-1","TEND-1351","technical_specs.pdf","https://example.com/docs/TEND-1351/specs.pdf"
"ATT-TEND-1352-1","TEND-1352","technical_specs.pdf","https://example.com/docs/TEND-1352/specs.pdf"
"ATT-TEND-1353-1","TEND-1353","technical_specs.pdf","https://example.com/docs/TEND-1353/specs.pdf"
"ATT-TEND-1354-1","TEND-1354","technical_specs.pdf","https://example.com/docs/TEND-1354/specs.pdf"
"ATT-TEND-1355-1","TEND-1355","technical_specs.pdf","https://example.com/docs/TEND-1355/specs.pdf"
"ATT-TEND-1356-1","TEND-1356","technical_specs.pdf","https://example.com/docs/TEND-1356/specs.pdf"
"ATT-TEND-1357-1","TEND-1357","technical_specs.pdf","https://example.com/docs/TEND-1357/specs.pdf"
"ATT-TEND-1358-1","TEND-1358","technical_specs.pdf","https://example.com/docs/TEND-1358/specs.pdf"
"ATT-TEND-1359-1","TEND-1359","technical_specs.pdf","https://example.com/docs/TEND-1359/specs.pdf"
"ATT-TEND-1360-1","TEND-1360","technical_specs.pdf","https://example.com/docs/TEND-1360/specs.pdf"
"ATT-TEND-1361-1","TEND-1361","technical_specs.pdf","https://example.com/docs/TEND-1361/specs.pdf"
"ATT-TEND-1362-1","TEND-1362","technical_specs.pdf","https://example.com/docs/TEND-1362/specs.pdf"
"ATT-TEND-1363-1","TEND-1363","technical_specs.pdf","https://example.com/docs/TEND-1363/specs.pdf"
"ATT-TEND-1364-1","TEND-1364","technical_specs.pdf","https://example.com/docs/TEND-1364/specs.pdf"
"ATT-TEND-1365-1","TEND-1365","technical_specs.pdf","https://example.com/docs/TEND-1365/specs.pdf"
"ATT-TEND-1366-1","TEND-1366","technical_specs.pdf","https://example.com/docs/TEND-1366/specs.pdf"
"ATT-TEND-1367-1","TEND-1367","technical_specs.pdf","https://example.com/docs/TEND-1367/specs.pdf"
"ATT-TEND-1368-1","TEND-1368","technical_specs.pdf","https://example.com/docs/TEND-1368/specs.pdf"
"ATT-TEND-1369-1","TEND-1369","technical_specs.pdf","https://example.com/docs/TEND-1369/specs.pdf"
"ATT-TEND-1370-1","TEND-1370","technical_specs.pdf","https://example.com/docs/TEND-1370/specs.pdf"
"ATT-TEND-1371-1","TEND-1371","technical_specs.pdf","https://example.com/docs/TEND-1371/specs.pdf"
"ATT-TEND-1372-1","TEND-1372","technical_specs.pdf","https://example.com/docs/TEND-1372/specs.pdf"
"ATT-TEND-1373-1","TEND-1373","technical_specs.pdf","https://example.com/docs/TEND-1373/specs.pdf"
"ATT-TEND-1374-1","TEND-1374","technical_specs.pdf","https://example.com/docs/TEND-1374/specs.pdf"
"ATT-TEND-1375-1","TEND-1375","technical_specs.pdf","https://example.com/docs/TEND-1375/specs.pdf"
"ATT-TEND-1376-1","TEND-1376","technical_specs.pdf","https://example.com/docs/TEND-1376/specs.pdf"
"ATT-TEND-1377-1","TEND-1377","technical_specs.pdf","https://example.com/docs/TEND-1377/specs.pdf"
"ATT-TEND-1378-1","TEND-1378","technical_specs.pdf","https://example.com/docs/TEND-1378/specs.pdf"
"ATT-TEND-1379-1","TEND-1379","technical_specs.pdf","https://example.com/docs/TEND-1379/specs.pdf"
"ATT-TEND-1380-1","TEND-1380","technical_specs.pdf","https://example.com/docs/TEND-1380/specs.pdf"
"ATT-TEND-1381-1","TEND-1381","technical_specs.pdf","https://example.com/docs/TEND-1381/specs.pdf"
"ATT-TEND-1382-1","TEND-1382","technical_specs.pdf","https://example.com/docs/TEND-1382/specs.pdf"
"ATT-TEND-1383-1","TEND-1383","technical_specs.pdf","https://example.com/docs/TEND-1383/specs.pdf"
"ATT-TEND-1384-1","TEND-1384","technical_specs.pdf","https://example.com/docs/TEND-1384/specs.pdf"
"ATT-TEND-1385-1","TEND-1385","technical_specs.pdf","https://example.com/docs/TEND-1385/specs.pdf"
"ATT-TEND-1386-1","TEND-1386","technical_specs.pdf","https://example.com/docs/TEND-1386/specs.pdf"
"ATT-TEND-1387-1","TEND-1387","technical_specs.pdf","https://example.com/docs/TEND-1387/specs.pdf"
"ATT-TEND-1388-1","TEND-1388","technical_specs.pdf","https://example.com/docs/TEND-1388/specs.pdf"
"ATT-TEND-1389-1","TEND-1389","technical_specs.pdf","https://example.com/docs/TEND-1389/specs.pdf"
"ATT-TEND-1390-1","TEND-1390","technical_specs.pdf","https://example.com/docs/TEND-1390/specs.pdf"
"ATT-TEND-1391-1","TEND-1391","technical_specs.pdf","https://example.com/docs/TEND-1391/specs.pdf"
"ATT-TEND-1392-1","TEND-1392","technical_specs.pdf","https://example.com/docs/TEND-1392/specs.pdf"
"ATT-TEND-1393-1","TEND-1393","technical_specs.pdf","https://example.com/docs/TEND-1393/specs.pdf"
"ATT-TEND-1394-1","TEND-1394","technical_specs.pdf","https://example.com/docs/TEND-1394/specs.pdf"
"ATT-TEND-1395-1","TEND-1395","technical_specs.pdf","https://example.com/docs/TEND-1395/specs.pdf"
"ATT-TEND-1396-1","TEND-1396","technical_specs.pdf","https://example.com/docs/TEND-1396/specs.pdf"
"ATT-TEND-1397-1","TEND-1397","technical_specs.pdf","https://example.com/docs/TEND-1397/specs.pdf"
"ATT-TEND-1398-1","TEND-1398","technical_specs.pdf","https://example.com/docs/TEND-1398/specs.pdf"
"ATT-TEND-1399-1","TEND-1399","technical_specs.pdf","https://example.com/docs/TEND-1399/specs.pdf"
"ATT-TEND-1400-1","TEND-1400","technical_specs.pdf","https://example.com/docs/TEND-1400/specs.pdf"
"ATT-TEND-1401-1","TEND-1401","technical_specs.pdf","https://example.com/docs/TEND-1401/specs.pdf"
"ATT-TEND-1402-1","TEND-1402","technical_specs.pdf","https://example.com/docs/TEND-1402/specs.pdf"
"ATT-TEND-1403-1","TEND-1403","technical_specs.pdf","https://example.com/docs/TEND-1403/specs.pdf"
"ATT-TEND-1404-1","TEND-1404","technical_specs.pdf","https://example.com/docs/TEND-1404/specs.pdf"
"ATT-TEND-1405-1","TEND-1405","technical_specs.pdf","https://example.com/docs/TEND-1405/specs.pdf"
"ATT-TEND-1406-1","TEND-1406","technical_specs.pdf","https://example.com/docs/TEND-1406/specs.pdf"
"ATT-TEND-1407-1","TEND-1407","technical_specs.pdf","https://example.com/docs/TEND-1407/specs.pdf"
"ATT-TEND-1408-1","TEND-1408","technical_specs.pdf","https://example.com/docs/TEND-1408/specs.pdf"
"ATT-TEND-1409-1","TEND-1409","technical_specs.pdf","https://example.com/docs/TEND-1409/specs.pdf"
"ATT-TEND-1410-1","TEND-1410","technical_specs.pdf","https://example.com/docs/TEND-1410/specs.pdf"
"ATT-TEND-1411-1","TEND-1411","technical_specs.pdf","https://example.com/docs/TEND-1411/specs.pdf"
"ATT-TEND-1412-1","TEND-1412","technical_specs.pdf","https://example.com/docs/TEND-1412/specs.pdf"
"ATT-TEND-1413-1","TEND-1413","technical_specs.pdf","https://example.com/docs/TEND-1413/specs.pdf"
"ATT-TEND-1414-1","TEND-1414","technical_specs.pdf","https://example.com/docs/TEND-1414/specs.pdf"
"ATT-TEND-1415-1","TEND-1415","technical_specs.pdf","https://example.com/docs/TEND-1415/specs.pdf"
"ATT-TEND-1416-1","TEND-1416","technical_specs.pdf","https://example.com/docs/TEND-1416/specs.pdf"
"ATT-TEND-1417-1","TEND-1417","technical_specs.pdf","https://example.com/docs/TEND-1417/specs.pdf"
"ATT-TEND-1418-1","TEND-1418","technical_specs.pdf","https://example.com/docs/TEND-1418/specs.pdf"
"ATT-TEND-1419-1","TEND-1419","technical_specs.pdf","https://example.com/docs/TEND-1419/specs.pdf"
"ATT-TEND-1420-1","TEND-1420","technical_specs.pdf","https://example.com/docs/TEND-1420/specs.pdf"
"ATT-TEND-1421-1","TEND-1421","technical_specs.pdf","https://example.com/docs/TEND-1421/specs.pdf"
"ATT-TEND-1422-1","TEND-1422","technical_specs.pdf","https://example.com/docs/TEND-1422/specs.pdf"
"ATT-TEND-1423-1","TEND-1423","technical_specs.pdf","https://example.com/docs/TEND-1423/specs.pdf"
"ATT-TEND-1424-1","TEND-1424","technical_specs.pdf","https://example.com/docs/TEND-1424/specs.pdf"
"ATT-TEND-1425-1","TEND-1425","technical_specs.pdf","https://example.com/docs/TEND-1425/specs.pdf"
"ATT-TEND-1426-1","TEND-1426","technical_specs.pdf","https://example.com/docs/TEND-1426/specs.pdf"
"ATT-TEND-1427-1","TEND-1427","technical_specs.pdf","https://example.com/docs/TEND-1427/specs.pdf"
"ATT-TEND-1428-1","TEND-1428","technical_specs.pdf","https://example.com/docs/TEND-1428/specs.pdf"
"ATT-TEND-1429-1","TEND-1429","technical_specs.pdf","https://example.com/docs/TEND-1429/specs.pdf"
"ATT-TEND-1430-1","TEND-1430","technical_specs.pdf","https://example.com/docs/TEND-1430/specs.pdf"
"ATT-TEND-1431-1","TEND-1431","technical_specs.pdf","https://example.com/docs/TEND-1431/specs.pdf"
"ATT-TEND-1432-1","TEND-1432","technical_specs.pdf","https://example.com/docs/TEND-1432/specs.pdf"
"ATT-TEND-1433-1","TEND-1433","technical_specs.pdf","https://example.com/docs/TEND-1433/specs.pdf"
"ATT-TEND-1434-1","TEND-1434","technical_specs.pdf","https://example.com/docs/TEND-1434/specs.pdf"
"ATT-TEND-1435-1","TEND-1435","technical_specs.pdf","https://example.com/docs/TEND-1435/specs.pdf"
"ATT-TEND-1436-1","TEND-1436","technical_specs.pdf","https://example.com/docs/TEND-1436/specs.pdf"
"ATT-TEND-1437-1","TEND-1437","technical_specs.pdf","https://example.com/docs/TEND-1437/specs.pdf"
"ATT-TEND-1438-1","TEND-1438","technical_specs.pdf","https://example.com/docs/TEND-1438/specs.pdf"
"ATT-TEND-1439-1","TEND-1439","technical_specs.pdf","https://example.com/docs/TEND-1439/specs.pdf"
"ATT-TEND-1440-1","TEND-1440","technical_specs.pdf","https://example.com/docs/TEND-1440/specs.pdf"
"ATT-TEND-1441-1","TEND-1441","technical_specs.pdf","https://example.com/docs/TEND-1441/specs.pdf"
"ATT-TEND-1442-1","TEND-1442","technical_specs.pdf","https://example.com/docs/TEND-1442/specs.pdf"
"ATT-TEND-1443-1","TEND-1443","technical_specs.pdf","https://example.com/docs/TEND-1443/specs.pdf"
"ATT-TEND-1444-1","TEND-1444","technical_specs.pdf","https://example.com/docs/TEND-1444/specs.pdf"
"ATT-TEND-1445-1","TEND-1445","technical_specs.pdf","https://example.com/docs/TEND-1445/specs.pdf"
"ATT-TEND-1446-1","TEND-1446","technical_specs.pdf","https://example.com/docs/TEND-1446/specs.pdf"
"ATT-TEND-1447-1","TEND-1447","technical_specs.pdf","https://example.com/docs/TEND-1447/specs.pdf"
"ATT-TEND-1448-1","TEND-1448","technical_specs.pdf","https://example.com/docs/TEND-1448/specs.pdf"
"ATT-TEND-1449-1","TEND-1449","technical_specs.pdf","https://example.com/docs/TEND-1449/specs.pdf"
"ATT-TEND-1450-1","TEND-1450","technical_specs.pdf","https://example.com/docs/TEND-1450/specs.pdf"
"ATT-TEND-1451-1","TEND-1451","technical_specs.pdf","https://example.com/docs/TEND-1451/specs.pdf"
"ATT-TEND-1452-1","TEND-1452","technical_specs.pdf","https://example.com/docs/TEND-1452/specs.pdf"
"ATT-TEND-1453-1","TEND-1453","technical_specs.pdf","https://example.com/docs/TEND-1453/specs.pdf"
"ATT-TEND-1454-1","TEND-1454","technical_specs.pdf","https://example.com/docs/TEND-1454/specs.pdf"
"ATT-TEND-1455-1","TEND-1455","technical_specs.pdf","https://example.com/docs/TEND-1455/specs.pdf"
"ATT-TEND-1456-1","TEND-1456","technical_specs.pdf","https://example.com/docs/TEND-1456/specs.pdf"
"ATT-TEND-1457-1","TEND-1457","technical_specs.pdf","https://example.com/docs/TEND-1457/specs.pdf"
"ATT-TEND-1458-1","TEND-1458","technical_specs.pdf","https://example.com/docs/TEND-1458/specs.pdf"
"ATT-TEND-1459-1","TEND-1459","technical_specs.pdf","https://example.com/docs/TEND-1459/specs.pdf"
"ATT-TEND-1460-1","TEND-1460","technical_specs.pdf","https://example.com/docs/TEND-1460/specs.pdf"
"ATT-TEND-1461-1","TEND-1461","technical_specs.pdf","https://example.com/docs/TEND-1461/specs.pdf"
"ATT-TEND-1462-1","TEND-1462","technical_specs.pdf","https://example.com/docs/TEND-1462/specs.pdf"
"ATT-TEND-1463-1","TEND-1463","technical_specs.pdf","https://example.com/docs/TEND-1463/specs.pdf"
"ATT-TEND-1464-1","TEND-1464","technical_specs.pdf","https://example.com/docs/TEND-1464/specs.pdf"
"ATT-TEND-1465-1","TEND-1465","technical_specs.pdf","https://example.com/docs/TEND-1465/specs.pdf"
"ATT-TEND-1466-1","TEND-1466","technical_specs.pdf","https://example.com/docs/TEND-1466/specs.pdf"
"ATT-TEND-1467-1","TEND-1467","technical_specs.pdf","https://example.com/docs/TEND-1467/specs.pdf"
"ATT-TEND-1468-1","TEND-1468","technical_specs.pdf","https://example.com/docs/TEND-1468/specs.pdf"
"ATT-TEND-1469-1","TEND-1469","technical_specs.pdf","https://example.com/docs/TEND-1469/specs.pdf"
"ATT-TEND-1470-1","TEND-1470","technical_specs.pdf","https://example.com/docs/TEND-1470/specs.pdf"
"ATT-TEND-1471-1","TEND-1471","technical_specs.pdf","https://example.com/docs/TEND-1471/specs.pdf"
"ATT-TEND-1472-1","TEND-1472","technical_specs.pdf","https://example.com/docs/TEND-1472/specs.pdf"
"ATT-TEND-1473-1","TEND-1473","technical_specs.pdf","https://example.com/docs/TEND-1473/specs.pdf"
"ATT-TEND-1474-1","TEND-1474","technical_specs.pdf","https://example.com/docs/TEND-1474/specs.pdf"
"ATT-TEND-1475-1","TEND-1475","technical_specs.pdf","https://example.com/docs/TEND-1475/specs.pdf"
"ATT-TEND-1476-1","TEND-1476","technical_specs.pdf","https://example.com/docs/TEND-1476/specs.pdf"
"ATT-TEND-1477-1","TEND-1477","technical_specs.pdf","https://example.com/docs/TEND-1477/specs.pdf"
"ATT-TEND-1478-1","TEND-1478","technical_specs.pdf","https://example.com/docs/TEND-1478/specs.pdf"
"ATT-TEND-1479-1","TEND-1479","technical_specs.pdf","https://example.com/docs/TEND-1479/specs.pdf"
"ATT-TEND-1480-1","TEND-1480","technical_specs.pdf","https://example.com/docs/TEND-1480/specs.pdf"
"ATT-TEND-1481-1","TEND-1481","technical_specs.pdf","https://example.com/docs/TEND-1481/specs.pdf"
"ATT-TEND-1482-1","TEND-1482","technical_specs.pdf","https://example.com/docs/TEND-1482/specs.pdf"
"ATT-TEND-1483-1","TEND-1483","technical_specs.pdf","https://example.com/docs/TEND-1483/specs.pdf"
"ATT-TEND-1484-1","TEND-1484","technical_specs.pdf","https://example.com/docs/TEND-1484/specs.pdf"
"ATT-TEND-1485-1","TEND-1485","technical_specs.pdf","https://example.com/docs/TEND-1485/specs.pdf"
"ATT-TEND-1486-1","TEND-1486","technical_specs.pdf","https://example.com/docs/TEND-1486/specs.pdf"
"ATT-TEND-1487-1","TEND-1487","technical_specs.pdf","https://example.com/docs/TEND-1487/specs.pdf"
"ATT-TEND-1488-1","TEND-1488","technical_specs.pdf","https://example.com/docs/TEND-1488/specs.pdf"
"ATT-TEND-1489-1","TEND-1489","technical_specs.pdf","https://example.com/docs/TEND-1489/specs.pdf"
"ATT-TEND-1490-1","TEND-1490","technical_specs.pdf","https://example.com/docs/TEND-1490/specs.pdf"
"ATT-TEND-1491-1","TEND-1491","technical_specs.pdf","https://example.com/docs/TEND-1491/specs.pdf"
"ATT-TEND-1492-1","TEND-1492","technical_specs.pdf","https://example.com/docs/TEND-1492/specs.pdf"
"ATT-TEND-1493-1","TEND-1493","technical_specs.pdf","https://example.com/docs/TEND-1493/specs.pdf"
"ATT-TEND-1494-1","TEND-1494","technical_specs.pdf","https://example.com/docs/TEND-1494/specs.pdf"
"ATT-TEND-1495-1","TEND-1495","technical_specs.pdf","https://example.com/docs/TEND-1495/specs.pdf"
"ATT-TEND-1496-1","TEND-1496","technical_specs.pdf","https://example.com/docs/TEND-1496/specs.pdf"
"ATT-TEND-1497-1","TEND-1497","technical_specs.pdf","https://example.com/docs/TEND-1497/specs.pdf"
"ATT-TEND-1498-1","TEND-1498","technical_specs.pdf","https://example.com/docs/TEND-1498/specs.pdf"
"ATT-TEND-1499-1","TEND-1499","technical_specs.pdf","https://example.com/docs/TEND-1499/specs.pdf"
